image,id,name,xMin,xMax,yMin,yMax
5.26667.png,1,ketchup,642.0,828.0,315.0,457.0
5.26667.png,2,pizza roll,55.0,568.0,145.0,331.0
10.6667.png,1,sausage,331.0,510.0,146.0,302.0
10.6667.png,2,cheese,48.0,170.0,23.0,149.0
13.9667.png,1,bread,218.0,637.0,264.0,480.0
16.5333.png,1,sausage,195.0,850.0,141.0,451.0
131.2.png,1,v_spread,397.0,712.0,178.0,384.0
166.867.png,1,,304.0,626.0,161.0,376.0
